kernel,C,Gamma
kernel,C,Gamma
kernel,C,Gamma
rbf,1.0,scale,,0.9599452359472581, 0.2409969969142885, 0.24534889129995702, 0.24534889129995702, 0.24534889129995702
rbf,1.0,scale,,0.24844931938767645, 0.962165718528383, 0.24890991004788135, 0.24890991004788135, 0.24890991004788135
rbf,1.0,scale,,0.24170796966619157, 0.24654120808455657, 0.9651985756522825, 0.9651985756522825, 0.9651985756522825
rbf,1.0,scale,,0.24170796966619157, 0.24654120808455657, 0.9651985756522825, 0.9651985756522825, 0.9651985756522825
rbf,1.0,scale,,0.24170796966619157, 0.24654120808455657, 0.9651985756522825, 0.9651985756522825, 0.9651985756522825

